id,name,model_id/id,group_id/id,perm_read,perm_write,perm_create,perm_unlink
access_estate_property,access_estate_property,model_estate_property,base.group_user,1,1,1,1
access_book,access_book,model_book,base.group_user,1,1,1,1
access_estate_property_type,access_estate_property_type,model_estate_property_type,base.group_user,1,1,1,1
access_test,access_test,model_test,base.group_user,1,1,1,1 
access_estate_property_tag,access_estate_property_tag,model_estate_property_tag,base.group_user,1,1,1,1
access_estate_property_offer,access_estate_property_offer,model_estate_property_offer,base.group_user,1,1,1,1
